company,cik,filetype,mdy,link
rjf,720005,10-K,2020-11-24,/Archives/edgar/data/720005/000072000520000063/0000720005-20-000063-index.htm
rjf,720005,10-K,2019-11-26,/Archives/edgar/data/720005/000072000519000086/0000720005-19-000086-index.htm
rjf,720005,10-K,2018-11-21,/Archives/edgar/data/720005/000072000518000083/0000720005-18-000083-index.htm
rjf,720005,10-K,2017-11-22,/Archives/edgar/data/720005/000072000517000089/0000720005-17-000089-index.htm
rjf,720005,10-K,2016-11-22,/Archives/edgar/data/720005/000072000516000169/0000720005-16-000169-index.htm
rjf,720005,10-K,2015-11-25,/Archives/edgar/data/720005/000072000515000075/0000720005-15-000075-index.htm
rjf,720005,10-K,2014-11-25,/Archives/edgar/data/720005/000072000514000077/0000720005-14-000077-index.htm
rjf,720005,10-K,2013-11-26,/Archives/edgar/data/720005/000072000513000089/0000720005-13-000089-index.htm
rjf,720005,10-K,2012-11-21,/Archives/edgar/data/720005/000072000512000113/0000720005-12-000113-index.htm
rjf,720005,10-K,2011-11-23,/Archives/edgar/data/720005/000072000511000101/0000720005-11-000101-index.htm
rjf,720005,10-K,2010-11-24,/Archives/edgar/data/720005/000072000510000081/0000720005-10-000081-index.htm
rjf,720005,10-KA,2010-11-22,/Archives/edgar/data/720005/000072000510000071/0000720005-10-000071-index.htm
rjf,720005,10-K,2009-11-27,/Archives/edgar/data/720005/000072000509000080/0000720005-09-000080-index.htm
rjf,720005,10-K,2008-11-28,/Archives/edgar/data/720005/000072000508000158/0000720005-08-000158-index.htm
rjf,720005,10-K,2007-11-29,/Archives/edgar/data/720005/000072000507000143/0000720005-07-000143-index.htm
rjf,720005,10-K,2006-12-14,/Archives/edgar/data/720005/000072000506000219/0000720005-06-000219-index.htm
rjf,720005,10-K,2005-12-14,/Archives/edgar/data/720005/000072000505000189/0000720005-05-000189-index.htm
rjf,720005,10-K,2004-12-08,/Archives/edgar/data/720005/000072000504000075/0000720005-04-000075-index.htm
rjf,720005,10-K,2003-12-23,/Archives/edgar/data/720005/000072000503000029/0000720005-03-000029-index.htm
rjf,720005,10-K,2002-12-23,/Archives/edgar/data/720005/000072000502000028/0000720005-02-000028-index.htm
